POS,REF,ALT,inn.ref,inn.alt,vir.ref,vir.alt,fisher_pval,neg_log_pval,adjusted_pval,location
1033,T,C,12,9,0,56,8.00E-09,8.097004909,8.35E-05,guanylate kinase-like protein CDS
1069,C,A,13,3,0,49,3.41E-11,10.46721352,3.56E-07,guanylate kinase-like protein CDS
1147,C,T,8,2,0,68,1.92E-09,8.716872571,2.00E-05,guanylate kinase-like protein CDS
2142,C,T,4,9,57,0,1.10E-08,7.958831277,0.000114748,GrBNV gp76-like protein CDS
2784,A,C,8,6,0,57,2.82E-07,6.549350605,0.002945948,GrBNV gp76-like protein CDS
3159,G,A,7,2,0,33,1.33E-06,5.87471253,0.013927179,GrBNV gp76-like protein CDS
3258,C,T,9,2,0,37,3.28E-08,7.484197989,0.000342277,GrBNV gp76-like protein CDS
3888,A,G,11,1,0,40,1.99E-10,9.701882503,2.07E-06,hypothetical protein CDS
4414,A,G,15,7,0,66,5.37E-12,11.26964848,5.61E-08,hypothetical protein CDS
5307,G,A,9,4,0,61,6.47E-09,8.189151132,6.75E-05,hypothetical protein CDS
6184,C,G,17,2,0,61,1.68E-15,14.77342617,1.76E-11,ODV-E56-2 CDS
7056,C,T,7,1,0,26,1.49E-06,5.82766129,0.01552081,GrBNV gp78-like protein CDS
8520,T,C,11,2,0,25,6.48E-08,7.188287358,0.000676532,GrBNV gp78-like protein CDS
9470,A,G,14,1,0,29,1.30E-10,9.884439661,1.36E-06,intergenic 
9711,G,T,13,3,0,82,1.04E-13,12.98209722,1.09E-09,putative transposase CDS
10006,G,A,10,9,0,40,1.47E-06,5.832587143,0.015345765,putative transposase CDS
10396,C,T,11,5,0,67,2.71E-10,9.567670458,2.82E-06,putative transposase CDS
10784,A,G,20,0,0,40,2.39E-16,15.62240516,2.49E-12, VLF-1 CDS
10927,C,T,2,11,18,0,9.21E-07,6.035646831,0.009614548, VLF-1 CDS
11431,T,G,18,0,0,38,4.71E-15,14.32700725,4.92E-11, VLF-1 CDS
12139,C,T,21,2,0,41,6.15E-15,14.21080579,6.42E-11, VLF-1 CDS
12375,C,T,26,4,0,18,1.00E-09,8.999693362,1.04E-05,intergenic 
12696,C,T,10,10,40,0,2.45E-06,5.610738393,0.025576275,GrBNV gp81-like protein CDS
12738,A,G,19,0,0,41,4.89E-16,15.3106513,5.10E-12,GrBNV gp81-like protein CDS
13269,T,G,10,5,0,34,3.65E-07,6.437201426,0.003813944,intergenic 
15145,C,A,13,2,0,54,2.72E-12,11.56596864,2.84E-08,DNA helicase CDS
15460,C,A,13,3,0,70,6.43E-13,12.19151426,6.72E-09,DNA helicase CDS
16101,T,C,14,6,0,49,2.51E-10,9.600834164,2.62E-06,DNA helicase CDS
16209,G,A,12,6,0,28,4.77E-07,6.321396565,0.004979424,DNA helicase CDS
16730,T,C,15,4,0,45,2.43E-11,10.61442865,2.54E-07,DNA helicase CDS
16755,C,A,12,3,0,41,8.15E-10,9.08892103,8.50E-06,DNA helicase CDS
17448,G,A,17,1,0,33,1.22E-12,11.91413942,1.27E-08,DNA helicase CDS
17511,T,C,21,0,0,33,1.92E-15,14.71628842,2.01E-11,DNA helicase CDS
18300,T,C,5,5,0,107,1.50E-06,5.822743199,0.015697572,DNA helicase CDS
19979,A,T,12,0,0,93,5.12E-16,15.29040014,5.35E-12,intergenic 
20220,G,T,16,4,0,31,6.75E-10,9.170499025,7.05E-06,intergenic 
20246,C,T,14,2,0,39,2.76E-11,10.55966219,2.88E-07,intergenic 
20831,C,T,15,2,0,80,8.79E-16,15.05607727,9.17E-12,hypothetical protein CDS
20848,T,C,14,3,0,80,2.43E-14,13.61412043,2.54E-10,hypothetical protein CDS
21055,A,G,10,3,0,112,1.61E-12,11.79250701,1.68E-08,hypothetical protein CDS
22521,T,C,23,2,0,104,1.79E-23,22.74784319,1.87E-19,61K protein CDS
23222,A,G,6,0,0,49,3.45E-08,7.462243347,0.000360025,intergenic 
25155,G,A,9,7,0,39,1.80E-06,5.744921961,0.01877819,LEF-4 CDS
25534,A,G,9,1,0,65,7.96E-11,10.0989745,8.31E-07,LEF-4 CDS
26002,T,C,8,5,0,71,2.95E-08,7.529859586,0.000308117,LEF-4 CDS
26029,T,C,8,5,0,70,3.26E-08,7.486393892,0.000340551,LEF-4 CDS
26871,T,C,12,4,0,50,3.70E-10,9.432147816,3.86E-06,GrBNV gp97-like protein CDS
27186,A,G,11,16,1,64,2.38E-06,5.622761022,0.024877954,GrBNV gp97-like protein CDS
28241,C,T,11,3,0,46,1.06E-09,8.97381288,1.11E-05,GrBNV gp23-like protein CDS
28454,G,A,11,4,0,34,4.68E-08,7.329296029,0.000488967,GrBNV gp23-like protein CDS
28552,T,C,8,4,0,31,3.41E-06,5.4667883,0.035627667,GrBNV gp23-like protein CDS
29459,T,C,9,6,3,70,1.55E-06,5.808365247,0.016225961,GrBNV gp22-like protein CDS
29793,T,C,11,7,0,58,5.56E-09,8.255184579,5.80E-05,GrBNV gp22-like protein CDS
29913,T,C,16,2,0,44,5.60E-13,12.25201566,5.84E-09,GrBNV gp22-like protein CDS
29922,A,G,15,2,0,34,4.27E-11,10.37007138,4.45E-07,GrBNV gp22-like protein CDS
30749,A,G,10,2,0,78,1.15E-11,10.9379011,1.20E-07,GrBNV gp22-like protein CDS
31809,T,G,9,0,0,20,9.99E-08,7.00065117,0.001042136,intergenic 
32036,T,C,13,1,0,76,8.52E-15,14.0696114,8.89E-11,GrBNV gp19-like protein CDS
32155,G,A,9,2,0,40,1.81E-08,7.742841111,0.000188684,GrBNV gp19-like protein CDS
33124,T,C,10,0,0,72,4.67E-13,12.33026768,4.88E-09,intergenic 
33485,T,A,12,6,0,90,6.66E-12,11.17671929,6.95E-08,RR1 CDS
33837,C,G,9,4,0,78,9.12E-10,9.039881514,9.52E-06,RR1 CDS/hypothetical protein CDS
33842,G,A,8,4,0,74,9.33E-09,8.030164983,9.74E-05,RR1 CDS/hypothetical protein CDS
34274,C,T,9,23,99,0,1.13E-18,17.94545728,1.18E-14,RR1 CDS
34760,C,A,24,8,0,47,9.26E-14,13.0333058,9.67E-10,RR1 CDS
35003,C,T,12,7,0,93,1.14E-11,10.94279091,1.19E-07,RR1 CDS
35018,G,A,11,7,0,87,1.28E-10,9.893698768,1.33E-06,RR1 CDS
35279,T,C,7,12,0,112,4.52E-07,6.34534095,0.00471232,RR1 CDS
35345,T,A,11,8,0,129,5.92E-12,11.22795372,6.17E-08,RR1 CDS
35427,C,T,13,1,0,151,2.11E-18,17.67619023,2.20E-14,RR1 CDS
35760,T,C,11,7,0,46,4.28E-08,7.368582152,0.000446677,RR1 CDS
35765,A,G,13,7,0,49,2.01E-09,8.697744177,2.09E-05,RR1 CDS
36239,C,A,1,12,47,0,9.29E-12,11.03198574,9.70E-08,intergenic 
37183,A,G,18,0,0,55,1.82E-17,16.74029701,1.90E-13,GrBNV gp84-like protein CDS
37260,T,G,11,10,0,57,4.53E-08,7.343480773,0.000473255,GrBNV gp84-like protein CDS
37303,G,T,6,14,51,0,1.61E-10,9.79312767,1.68E-06,GrBNV gp84-like protein CDS
37360,A,G,20,0,0,48,1.22E-17,16.9144245,1.27E-13,GrBNV gp84-like protein CDS
37632,T,G,9,5,0,65,9.73E-09,8.012005594,0.000101524,intergenic 
37684,T,A,10,3,0,69,1.34E-10,9.873901647,1.40E-06,intergenic 
37918,C,T,15,0,0,32,1.33E-12,11.87599619,1.39E-08,GrBNV gp83-like protein CDS
38234,G,A,23,1,0,37,6.39E-16,15.19427854,6.67E-12,GrBNV gp83-like protein CDS
40210,T,C,14,0,0,54,8.11E-15,14.09073153,8.47E-11,hypothetical protein CDS
40585,C,T,11,0,0,22,5.17E-09,8.286763376,5.39E-05,hypothetical protein CDS
40633,G,A,10,4,0,37,7.83E-08,7.106019013,0.00081763,hypothetical protein CDS
40669,T,C,15,6,0,41,5.83E-10,9.234217408,6.09E-06,hypothetical protein CDS
40967,C,T,6,7,54,0,1.97E-06,5.704826323,0.02059441,patatin-like phospholipase-like protein CDS
41631,C,T,12,1,2,41,2.03E-09,8.692563152,2.12E-05,LEF-3 CDS
42121,T,A,7,11,49,0,2.48E-08,7.60616977,0.000258467,LEF-3 CDS
42582,A,G,16,1,0,119,6.50E-20,19.18690514,6.79E-16,intergenic 
42764,G,A,11,2,0,65,1.00E-11,10.99881133,1.05E-07,intergenic 
42865,G,A,23,0,0,56,2.05E-20,19.68727457,2.14E-16,intergenic 
43049,T,C,14,0,0,51,1.64E-14,13.78527685,1.71E-10,intergenic 
43497,C,A,9,3,0,61,2.27E-09,8.64471613,2.37E-05,intergenic 
43786,G,A,12,1,0,44,1.84E-11,10.73565142,1.92E-07,intergenic 
43791,G,C,10,1,0,47,2.11E-10,9.676107081,2.20E-06,intergenic 
43810,T,C,7,1,0,57,1.15E-08,7.939638143,0.000119933,intergenic 
44129,T,C,7,0,0,85,1.14E-10,9.942531575,1.19E-06,intergenic 
45227,G,A,25,0,0,97,1.51E-26,25.82075098,1.58E-22,intergenic 
46026,T,C,9,4,0,187,6.08E-13,12.21589636,6.35E-09,intergenic 
46248,A,T,12,4,0,58,8.29E-11,10.08124573,8.66E-07,intergenic 
47478,C,A,10,2,0,82,7.30E-12,11.13668487,7.62E-08,hypothetical protein CDS
47789,G,A,15,0,0,62,2.83E-16,15.54752006,2.96E-12,intergenic 
47994,C,T,16,2,0,71,8.67E-16,15.06206352,9.05E-12,LEF-8 CDS
48171,C,T,11,0,0,146,4.00E-17,16.3980895,4.17E-13,LEF-8 CDS
48213,C,T,15,0,25,51,7.34E-07,6.134552477,0.007656375,LEF-8 CDS
48246,G,A,19,0,0,54,6.28E-18,17.2019061,6.56E-14,LEF-8 CDS
48282,T,G,18,1,0,64,2.54E-17,16.59467981,2.65E-13,LEF-8 CDS
48300,C,A,18,2,0,66,1.25E-16,15.90474882,1.30E-12,LEF-8 CDS
48480,T,C,13,3,0,44,1.08E-10,9.965038955,1.13E-06,LEF-8 CDS
48864,T,A,11,2,0,75,2.44E-12,11.61313691,2.54E-08,LEF-8 CDS
49254,A,G,6,12,75,0,4.46E-11,10.35102669,4.65E-07,LEF-8 CDS
49866,A,G,17,0,0,25,3.93E-12,11.40596402,4.10E-08,LEF-8 CDS
50037,T,G,20,6,0,51,1.56E-13,12.80588592,1.63E-09,LEF-8 CDS
50064,A,G,17,7,0,66,3.70E-13,12.43134192,3.87E-09,LEF-8 CDS
50703,C,T,19,3,0,44,8.90E-14,13.0505913,9.29E-10,LEF-8 CDS
51606,T,G,12,9,0,49,2.76E-08,7.55865257,0.000288352,hypothetical protein CDS
53707,T,C,10,1,0,26,3.16E-08,7.500598364,0.000329592,PIF-1 CDS
53718,C,T,1,14,27,0,2.84E-10,9.547037782,2.96E-06,PIF-1 CDS
53776,T,C,23,3,0,52,7.54E-17,16.12286216,7.87E-13,PIF-1 CDS
53845,T,G,20,7,0,59,4.85E-14,13.31387491,5.07E-10,PIF-1 CDS
54286,T,C,14,0,20,38,4.66E-06,5.331784306,0.048617361,PIF-1 CDS
54315,C,A,1,10,38,0,1.34E-09,8.873364073,1.40E-05,PIF-1 CDS
55294,C,A,16,0,0,39,3.36E-14,13.47347604,3.51E-10,hypothetical protein CDS
55440,G,A,9,4,0,83,5.51E-10,9.258480974,5.76E-06,hypothetical protein CDS
55457,C,A,8,4,0,91,2.08E-09,8.681537285,2.17E-05,hypothetical protein CDS
55621,G,A,20,1,0,36,1.74E-14,13.76066281,1.81E-10,hypothetical protein CDS
56592,C,T,14,0,0,22,2.63E-10,9.579360205,2.75E-06,hypothetical protein CDS
57114,G,A,13,4,0,45,2.86E-10,9.542934232,2.99E-06,hypothetical protein CDS
58473,C,T,11,3,0,42,2.44E-09,8.611799775,2.55E-05,integrase CDS
59594,A,G,9,3,0,85,1.54E-10,9.812653397,1.61E-06,trypsin-like serine protease-like protein CDS
60226,C,T,2,13,53,0,3.35E-12,11.47530758,3.49E-08,trypsin-like serine protease-like protein CDS
60291,A,T,16,2,0,17,4.19E-08,7.378069512,0.000437025,intergenic 
60730,T,C,17,5,0,125,3.51E-18,17.45507567,3.66E-14,trypsin-like serine protease-like protein CDS
60820,G,A,12,5,0,104,5.29E-13,12.27676699,5.52E-09,trypsin-like serine protease-like protein CDS
61736,G,A,6,0,0,27,9.03E-07,6.0443704,0.009423349,intergenic 
61744,G,A,6,0,0,29,6.16E-07,6.210361332,0.00643005,GrBNV gp60-like protein CDS
62861,G,A,15,0,0,52,2.89E-15,14.53880099,3.02E-11,GrBNV gp60-like protein CDS
62891,G,A,12,4,0,33,1.97E-08,7.704959643,0.000205881,GrBNV gp60-like protein CDS
63661,C,T,11,2,0,60,2.19E-11,10.65917205,2.29E-07,GrBNV gp61-like protein CDS
63696,G,A,17,0,0,61,1.59E-17,16.79743744,1.66E-13,GrBNV gp61-like protein CDS
64221,A,G,17,1,0,23,1.19E-10,9.925382234,1.24E-06,intergenic 
64404,T,C,18,1,0,34,2.94E-13,12.53159699,3.07E-09,38K protein CDS
64950,C,T,9,0,0,30,4.72E-09,8.326161969,4.93E-05,38K protein CDS
65348,C,T,8,5,0,38,2.02E-06,5.694399307,0.021094847,hypothetical protein CDS
65355,G,A,14,0,0,31,5.99E-12,11.22238174,6.25E-08,hypothetical protein CDS
66195,C,T,13,0,0,34,7.11E-12,11.14822263,7.42E-08,intergenic 
67030,C,T,16,0,0,14,6.88E-09,8.162632129,7.18E-05,intergenic 
67089,G,T,17,0,0,16,8.57E-10,9.066997578,8.94E-06,hypothetical protein CDS
67693,C,T,9,0,0,131,2.28E-14,13.6413825,2.38E-10,intergenic 
67737,G,T,16,0,1,115,1.08E-19,18.9668721,1.13E-15,intergenic 
68375,T,A,18,1,0,12,9.21E-08,7.035646831,0.000961455,intergenic 
68384,A,G,19,1,0,10,3.66E-07,6.43637974,0.003821166,intergenic 
68422,C,A,14,5,0,27,4.85E-08,7.314484571,0.000505931,GrBNV gp28-like protein CDS
68824,G,T,22,8,0,61,8.33E-15,14.07953064,8.69E-11,GrBNV gp28-like protein CDS
69085,C,A,9,0,1,29,4.72E-08,7.326161969,0.000492508,GrBNV gp28-like protein CDS
69223,G,A,11,3,0,57,1.42E-10,9.847231433,1.48E-06,GrBNV gp28-like protein CDS
69231,G,T,11,2,0,61,1.87E-11,10.72906322,1.95E-07,GrBNV gp28-like protein CDS
69694,G,A,20,3,0,76,4.13E-18,17.38402274,4.31E-14,GrBNV gp28-like protein CDS
69904,C,T,5,13,101,0,1.10E-13,12.9597619,1.15E-09,GrBNV gp28-like protein CDS
70273,A,G,19,0,0,55,4.67E-18,17.33077513,4.87E-14,GrBNV gp28-like protein CDS
70678,G,A,28,4,0,79,2.45E-22,21.61017543,2.56E-18,GrBNV gp28-like protein CDS
70744,G,T,11,4,0,81,1.55E-11,10.81027938,1.62E-07,GrBNV gp28-like protein CDS
70770,A,G,0,16,84,0,7.43E-19,18.12900009,7.75E-15,GrBNV gp28-like protein CDS
71023,A,C,10,6,0,41,1.85E-07,6.731788946,0.001935471,GrBNV gp28-like protein CDS
72049,C,T,2,21,69,0,8.84E-19,18.05363719,9.22E-15,intergenic 
72150,T,C,15,3,0,55,5.61E-13,12.25095738,5.86E-09,intergenic 
72190,G,A,22,0,0,91,6.81E-24,23.16679332,7.11E-20,intergenic 
72409,A,G,7,0,0,28,1.49E-07,6.82766129,0.001552081,intergenic 
72428,A,G,8,1,0,22,1.14E-06,5.942764307,0.011907247,hypothetical protein CDS
72903,C,A,15,0,0,51,3.73E-15,14.42872953,3.89E-11,hypothetical protein CDS
72909,T,C,15,0,0,49,6.27E-15,14.20281242,6.54E-11,hypothetical protein CDS
73123,C,T,20,3,0,65,5.76E-17,16.23950219,6.01E-13,hypothetical protein CDS
73603,A,G,12,5,0,57,2.82E-10,9.549766818,2.94E-06,hypothetical protein CDS
74764,A,G,16,1,0,44,8.38E-14,13.07662431,8.75E-10,intergenic 
74871,C,T,8,3,0,39,3.07E-07,6.51239219,0.003207624,intergenic 
75863,A,G,5,0,2,69,1.14E-06,5.944361391,0.01186354,intergenic 
76082,A,G,7,11,79,0,3.20E-10,9.494930551,3.34E-06,intergenic 
76171,T,C,11,9,4,81,6.34E-07,6.198014928,0.006615471,hypothetical protein CDS
76288,G,A,11,4,0,55,6.31E-10,9.200093067,6.58E-06,intergenic 
77452,A,G,6,13,38,0,1.11E-08,7.955382122,0.000115663,hypothetical protein CDS
77507,T,C,4,12,22,0,6.72E-07,6.172493091,0.007015887,hypothetical protein CDS
77827,A,G,2,12,36,0,7.50E-10,9.125176046,7.82E-06,intergenic 
77938,A,C,1,11,24,0,2.00E-08,7.699552506,0.00020846,intergenic 
78493,A,G,14,0,0,38,5.65E-13,12.24771957,5.90E-09,OrNV gp094-like protein CDS
78803,A,C,3,8,84,0,1.36E-09,8.867274348,1.42E-05,intergenic 
79082,A,G,14,1,0,38,6.24E-12,11.20483957,6.51E-08,intergenic 
79118,A,C,18,0,0,29,2.19E-13,12.65978771,2.28E-09,GrBNV gp09-like protein CDS
79156,C,A,14,0,0,26,4.31E-11,10.36561769,4.50E-07,GrBNV gp09-like protein CDS
80451,A,C,8,8,99,0,2.18E-08,7.662366005,0.000227096,intergenic 
80457,T,C,8,8,101,0,1.89E-08,7.724159602,0.000196977,intergenic 
80844,C,T,5,20,38,11,3.21E-06,5.493038112,0.033538032,LEF-9 CDS
81141,G,A,9,3,0,24,2.34E-06,5.631366644,0.024389845,LEF-9 CDS
81505,T,A,10,5,0,55,7.57E-09,8.120911821,7.90E-05,LEF-9 CDS
82883,T,C,22,0,32,36,1.88E-06,5.724749891,0.019670971,intergenic 
83614,C,A,5,0,1,47,2.09E-06,5.679682977,0.021821907,mitochondrial carrier protein-like protein CDS
84451,T,G,16,4,0,25,7.49E-09,8.125359666,7.82E-05,mitochondrial carrier protein-like protein CDS/hypothetical protein CDS
85355,G,T,9,0,0,20,9.99E-08,7.00065117,0.001042136,intergenic 
85487,G,T,13,0,0,25,1.85E-10,9.733594475,1.93E-06,intergenic 
85806,G,T,9,2,0,54,1.72E-09,8.764335793,1.80E-05,intergenic 
86296,C,T,16,5,0,105,2.85E-16,15.54506609,2.98E-12,thymidylate synthase/pyrimidine hydroxymethylase-like protein CDS
86515,T,C,17,6,0,119,2.51E-17,16.60067966,2.62E-13,thymidylate synthase/pyrimidine hydroxymethylase-like protein CDS
87160,A,G,11,1,0,48,3.50E-11,10.45573302,3.65E-07,Ac81 CDS
87190,A,G,3,14,50,0,6.95E-12,11.15810747,7.25E-08,Ac81 CDS
87251,A,T,4,8,44,0,3.48E-07,6.457834228,0.003636985,Ac81 CDS
87391,C,T,3,10,60,0,4.60E-10,9.336952752,4.80E-06,Ac81 CDS
88546,C,T,12,5,0,64,8.75E-11,10.05801848,9.13E-07,GrBNV gp13-like protein CDS
88959,A,G,13,9,0,43,3.03E-08,7.518678302,0.000316153,intergenic 
89980,G,A,22,6,0,91,7.31E-19,18.13626189,7.63E-15,trypsin-like serine protease-like protein CDS
90178,G,A,0,21,50,41,7.49E-07,6.125677196,0.007814451,trypsin-like serine protease-like protein CDS
90184,C,T,0,22,52,41,2.89E-07,6.538584063,0.003019893,trypsin-like serine protease-like protein CDS
90233,G,A,26,0,28,39,3.62E-08,7.440896765,0.000378163,trypsin-like serine protease-like protein CDS
90538,A,G,8,1,0,42,1.41E-08,7.849735345,0.000147516,intergenic 
91209,G,A,5,13,41,0,2.12E-09,8.674294132,2.21E-05,DNA polymerase B CDS
91257,T,C,7,15,26,0,1.56E-07,6.806887045,0.001628128,DNA polymerase B CDS
91506,A,C,7,0,0,81,1.58E-10,9.802659996,1.64E-06,DNA polymerase B CDS
91569,G,A,10,2,0,97,1.55E-12,11.81021434,1.62E-08,DNA polymerase B CDS
91989,A,G,13,6,0,73,1.22E-11,10.91536515,1.27E-07,DNA polymerase B CDS/hypothetical protein CDS
92019,C,T,11,6,0,72,3.39E-10,9.469946618,3.54E-06,DNA polymerase B CDS/hypothetical protein CDS
93045,A,G,15,0,0,100,4.17E-19,18.37963652,4.35E-15,DNA polymerase B CDS
93597,C,A,16,0,0,35,1.39E-13,12.85579281,1.45E-09,DNA polymerase B CDS
93606,C,T,16,0,0,40,2.40E-14,13.61960408,2.51E-10,DNA polymerase B CDS
94334,G,A,11,4,0,24,8.14E-07,6.089155885,0.008500017,DNA polymerase B CDS
94662,G,A,12,2,0,35,9.86E-10,9.005989639,1.03E-05,DNA polymerase B CDS
96299,G,A,6,4,0,49,4.66E-06,5.331547546,0.048643872,intergenic 
96318,A,T,9,3,0,56,4.46E-09,8.350248592,4.66E-05,intergenic 
97594,C,T,0,7,32,0,6.50E-08,7.186982793,0.000678567,GrBNV gp17-like protein CDS
98181,T,A,12,1,0,60,7.07E-13,12.15053374,7.38E-09,GrBNV gp17-like protein CDS/hypothetical protein CDS
99818,C,T,4,0,0,52,2.72E-06,5.565009104,0.028416238,intergenic 
99981,G,A,14,0,0,113,6.46E-19,18.19000468,6.74E-15,intergenic 
100029,T,C,13,0,0,61,9.56E-15,14.01976546,9.97E-11,intergenic 
100598,T,A,12,8,60,0,4.35E-06,5.361944189,0.04535566,GrBNV gp48-like protein CDS
102339,T,C,14,4,0,66,9.64E-13,12.01584916,1.01E-08,GrBNV gp48-like protein CDS
102524,C,A,8,2,0,77,7.70E-10,9.113449829,8.04E-06,intergenic 
103463,G,A,17,6,0,37,2.61E-10,9.583866247,2.72E-06,hypothetical protein CDS
103981,G,A,11,6,0,56,3.48E-09,8.458686348,3.63E-05,intergenic 
104502,A,G,16,1,0,49,1.99E-14,13.7017308,2.07E-10,intergenic 
104844,G,A,18,1,0,26,1.11E-11,10.95573445,1.16E-07,hypothetical protein CDS
105144,C,T,18,0,0,52,4.31E-17,16.36541562,4.50E-13,hypothetical protein CDS
107742,A,G,22,8,0,56,3.45E-14,13.4627449,3.60E-10,P74 CDS
107773,G,A,21,5,0,53,8.83E-15,14.05402837,9.22E-11,P74 CDS
108099,T,G,14,6,2,35,4.56E-07,6.341212027,0.004757334,P74 CDS
108310,A,C,18,1,0,40,2.93E-14,13.53250005,3.06E-10,P74 CDS
108877,G,A,27,1,0,59,1.20E-21,20.91950493,1.26E-17,P74 CDS
109526,A,G,13,0,0,33,9.83E-12,11.00760369,1.03E-07,GrBNV gp44-like protein CDS
109580,A,G,8,3,1,47,6.35E-07,6.197455002,0.006624005,GrBNV gp44-like protein CDS
109589,G,T,10,3,1,47,3.30E-08,7.481206225,0.000344643,GrBNV gp44-like protein CDS
109724,T,G,17,0,0,105,3.90E-21,20.40948547,4.07E-17,GrBNV gp44-like protein CDS
110805,T,A,11,2,0,47,2.28E-10,9.642819661,2.38E-06,hypothetical protein CDS
110848,A,C,9,2,0,54,1.72E-09,8.764335793,1.80E-05,hypothetical protein CDS
110985,T,C,10,0,0,21,2.25E-08,7.646914824,0.000235321,hypothetical protein CDS
111028,T,G,7,3,0,32,4.45E-06,5.351833784,0.04642393,hypothetical protein CDS
111534,A,G,17,4,0,71,4.25E-15,14.37202062,4.43E-11,hypothetical protein CDS
112512,C,T,0,5,38,0,1.04E-06,5.983444955,0.010842532,GrBNV gp41-like protein CDS
113273,C,T,21,0,0,59,9.90E-20,19.00436021,1.03E-15,Fen-1 CDS
113554,C,T,12,0,0,60,6.51E-14,13.18648407,6.79E-10,Fen-1 CDS
113760,C,G,18,0,0,11,2.89E-08,7.539042082,0.000301671,intergenic 
113765,C,T,18,0,0,11,2.89E-08,7.539042082,0.000301671,intergenic 
113904,G,A,6,0,0,67,5.87E-09,8.231037252,6.13E-05,intergenic 
114004,G,A,8,7,0,72,1.10E-07,6.958113792,0.001149375,intergenic 
114867,T,C,15,4,0,60,7.19E-13,12.14333746,7.50E-09,ligase CDS
115779,C,T,16,0,0,28,2.40E-12,11.61983893,2.50E-08,GrBNV gp37-like protein CDS
115792,C,G,15,1,0,35,5.02E-12,11.29949031,5.24E-08,GrBNV gp37-like protein CDS
116509,A,G,13,7,0,46,3.79E-09,8.421255847,3.96E-05,GrBNV gp37-like protein CDS
116890,T,C,18,0,0,73,2.12E-19,18.67431742,2.21E-15,GrBNV gp37-like protein CDS
117088,C,A,25,0,0,50,1.90E-20,19.72089117,1.98E-16,GrBNV gp37-like protein CDS
117193,C,A,19,0,0,78,1.43E-20,19.84403712,1.49E-16,GrBNV gp37-like protein CDS
118359,C,T,14,5,0,52,4.83E-11,10.31600642,5.04E-07,GrBNV gp36-like protein CDS
121086,A,C,16,2,0,33,2.13E-11,10.67110138,2.23E-07,guanosine monophosphate kinase CDS
122377,C,T,8,7,0,48,1.66E-06,5.779487138,0.017341575,GrBNV gp33-like protein CDS
122463,C,T,18,6,0,48,3.25E-12,11.48830469,3.39E-08,GrBNV gp33-like protein CDS
123223,G,A,17,2,1,105,7.57E-18,17.12100316,7.90E-14,ODV-E56 CDS
123601,G,T,17,2,1,73,1.74E-15,14.75941578,1.82E-11,ODV-E56 CDS
124814,T,A,14,4,0,44,1.05E-10,9.977857807,1.10E-06,GrBNV gp06-like protein CDS
125150,T,C,15,7,0,56,3.90E-11,10.40843766,4.08E-07,GrBNV gp06-like protein CDS
126293,G,A,8,0,0,102,2.44E-12,11.61247192,2.55E-08,intergenic 
126907,C,T,11,6,0,31,5.48E-07,6.261435896,0.005716626,Ac92-like protein CDS
127394,A,C,4,9,48,0,4.12E-08,7.384787218,0.000430317,Ac92-like protein CDS
128527,T,A,18,0,16,51,1.83E-09,8.738308895,1.91E-05,putative deoxynucleoside kinase protein CDS
128620,T,A,5,13,37,0,5.90E-09,8.228842722,6.16E-05,putative deoxynucleoside kinase protein CDS
130859,C,T,18,8,0,32,3.47E-09,8.459428016,3.62E-05,intergenic 
131073,A,G,15,10,0,189,7.81E-17,16.10725302,8.15E-13,intergenic 
131079,T,C,15,11,0,187,1.99E-16,15.70211166,2.07E-12,intergenic 
131374,G,A,21,3,0,58,1.10E-16,15.95696749,1.15E-12,intergenic 
131383,T,C,21,0,0,54,4.75E-19,18.32294979,4.96E-15,intergenic 
131520,T,C,29,0,0,32,4.58E-18,17.33879412,4.78E-14,intergenic 
131531,A,C,26,3,0,33,1.74E-14,13.75897365,1.82E-10,intergenic 
132498,C,T,15,5,0,42,1.67E-10,9.778285452,1.74E-06,DNA helicase 2 CDS
132583,A,G,11,2,4,69,3.93E-09,8.405113365,4.11E-05,DNA helicase 2 CDS
132711,G,A,9,3,0,27,1.04E-06,5.983739288,0.010835187,DNA helicase 2 CDS
132717,G,T,3,11,36,0,9.74E-09,8.011232694,0.000101705,DNA helicase 2 CDS
133185,G,A,15,3,0,80,4.47E-15,14.350074,4.66E-11,DNA helicase 2 CDS
133200,T,C,15,4,0,66,2.16E-13,12.66651448,2.25E-09,DNA helicase 2 CDS
133557,A,G,15,2,1,71,5.56E-14,13.25513021,5.80E-10,DNA helicase 2 CDS
133695,C,A,16,3,0,77,1.46E-15,14.83469956,1.53E-11,DNA helicase 2 CDS
133984,T,C,9,3,0,85,1.54E-10,9.812653397,1.61E-06,DNA helicase 2 CDS
134065,T,C,17,4,0,68,7.90E-15,14.10256473,8.24E-11,DNA helicase 2 CDS
134091,A,G,18,6,0,64,5.57E-14,13.25452506,5.81E-10,DNA helicase 2 CDS
134781,C,T,9,2,0,37,3.28E-08,7.484197989,0.000342277,DNA helicase 2 CDS
135148,A,C,7,0,0,36,3.10E-08,7.508180985,0.000323888,DNA helicase 2 CDS
135640,C,A,9,1,0,65,7.96E-11,10.0989745,8.31E-07,PIF-3 CDS
135691,G,A,7,2,0,52,8.25E-08,7.083453626,0.000861236,PIF-3 CDS
137035,G,A,14,0,0,57,4.15E-15,14.38151144,4.34E-11,vp91 CDS
137047,C,T,12,3,0,57,2.96E-11,10.52847267,3.09E-07,vp91 CDS
137203,G,A,12,4,0,37,6.82E-09,8.166086985,7.12E-05,vp91 CDS
137274,C,T,13,2,0,71,1.21E-13,12.91851299,1.26E-09,vp91 CDS
137281,T,C,14,2,0,74,1.33E-14,13.87692088,1.39E-10,vp91 CDS
137451,T,C,23,1,0,117,1.53E-25,24.81495779,1.60E-21,vp91 CDS
137614,G,T,22,2,0,37,1.25E-14,13.90424393,1.30E-10,vp91 CDS
137692,G,A,22,4,0,38,1.86E-13,12.7303309,1.94E-09,vp91 CDS
137896,G,A,18,1,1,102,2.39E-19,18.62186931,2.49E-15,vp91 CDS
137941,A,G,22,0,0,90,8.46E-24,23.07275626,8.83E-20,vp91 CDS
138144,T,C,12,3,0,56,3.55E-11,10.44929142,3.71E-07,vp91 CDS
138524,A,T,4,8,33,0,2.30E-06,5.638949266,0.023967703,p-loop NTPase CDS
139171,T,G,10,3,0,42,9.78E-09,8.009739784,0.000102055,GrBNV gp43-like protein CDS
139398,T,C,18,1,0,41,2.05E-14,13.68740201,2.14E-10,GrBNV gp43-like protein CDS
139665,A,G,8,9,57,0,2.20E-07,6.657672215,0.002295638,GrBNV gp43-like protein CDS
139848,A,C,20,1,0,44,7.41E-16,15.13017448,7.73E-12,GrBNV gp43-like protein CDS
139876,A,G,22,0,0,46,2.49E-18,17.60312162,2.60E-14,GrBNV gp43-like protein CDS
140224,C,T,13,0,0,32,1.37E-11,10.8633598,1.43E-07,intergenic 
140330,A,T,17,0,0,31,2.36E-13,12.6278185,2.46E-09,GrBNV gp62-like protein CDS
141061,C,A,14,0,1,30,8.99E-11,10.04629048,9.38E-07,intergenic 
141306,A,G,15,0,0,28,6.60E-12,11.18050624,6.89E-08,hypothetical protein CDS
141979,A,G,21,3,0,52,6.96E-16,15.15719019,7.27E-12,hypothetical protein CDS
142077,C,T,21,0,0,61,5.46E-20,19.263178,5.69E-16,hypothetical protein CDS
142088,C,T,23,0,0,66,8.52E-22,21.06932466,8.90E-18,hypothetical protein CDS
142490,T,C,21,0,0,102,4.04E-24,23.39317505,4.22E-20,hypothetical protein CDS
142747,C,T,6,17,108,1,1.61E-15,14.79390942,1.68E-11,hypothetical protein CDS
142827,G,T,5,11,93,0,1.14E-11,10.94371815,1.19E-07,hypothetical protein CDS
143380,T,G,7,16,0,134,6.02E-07,6.220513801,0.006281479,hypothetical protein CDS
143863,A,G,12,1,0,45,1.46E-11,10.83632158,1.52E-07,intergenic 
144408,C,A,14,0,0,45,7.52E-14,13.12380339,7.85E-10,RR2 CDS
145888,T,C,14,2,0,21,1.96E-08,7.706652847,0.00020508,intergenic 
146560,G,A,12,0,0,39,6.30E-12,11.20072301,6.57E-08,intergenic 
146581,T,A,12,0,0,21,2.82E-09,8.550004811,2.94E-05,intergenic 
146705,G,A,8,1,0,54,2.32E-09,8.633793179,2.43E-05,vp39 CDS
146966,A,C,10,5,1,99,4.24E-10,9.372663374,4.42E-06,vp39 CDS
147266,T,C,15,9,0,93,4.14E-13,12.38291579,4.32E-09,vp39 CDS
147726,C,T,6,0,0,79,2.29E-09,8.640832666,2.39E-05,PolH/gran CDS
148326,T,C,21,0,0,39,1.25E-16,15.90224586,1.31E-12,PolH/gran CDS
148368,C,T,15,0,0,66,1.23E-16,15.91083894,1.28E-12,PolH/gran CDS
148578,G,T,19,1,0,55,6.97E-17,16.15661837,7.28E-13,PolH/gran CDS
148767,G,A,11,4,0,30,1.34E-07,6.871358888,0.001403514,PolH/gran CDS
149721,A,G,16,1,0,53,6.85E-15,14.1640185,7.15E-11,PIF-2 CDS
150985,G,T,11,7,0,51,1.74E-08,7.758224924,0.000182117,GrBNV gp67-like protein CDS
151084,A,G,14,4,0,48,3.95E-11,10.40309602,4.13E-07,GrBNV gp67-like protein CDS
151458,A,C,12,4,0,36,8.82E-09,8.054594972,9.20E-05,GrBNV gp67-like protein CDS
151488,C,A,11,2,0,31,1.02E-08,7.99266334,0.000106148,GrBNV gp67-like protein CDS
151981,T,C,11,2,0,42,6.52E-10,9.185831043,6.80E-06,GrBNV gp67-like protein CDS
152798,T,C,11,2,0,35,3.45E-09,8.461921594,3.60E-05,P47 CDS
153239,C,A,7,5,0,65,3.29E-07,6.482355288,0.003437323,P47 CDS
153910,A,G,11,6,0,40,6.71E-08,7.173437882,0.000700064,hypothetical protein CDS
153987,C,T,8,6,0,64,1.28E-07,6.892529753,0.001336737,hypothetical protein CDS
154020,G,C,10,3,0,64,2.61E-10,9.583837983,2.72E-06,hypothetical protein CDS
154597,A,G,13,0,0,49,1.20E-13,12.91951119,1.26E-09,hypothetical protein CDS
154737,G,A,14,2,0,50,1.55E-12,11.8096362,1.62E-08,hypothetical protein CDS